{"units": [{"html_check_answers": false, "now_available": true, "weight": 1, "title": "Pre-Assessment Questionnaire", "href": null, "html_content": "", "release_date": "", "unit_id": 1, "html_review_form": null, "workflow_yaml": "{grader: auto, matcher: peer, review_due_date: '', review_min_count: '', review_window_mins: '',\n  submission_due_date: ''}\n", "type": "A"}, {"html_check_answers": false, "now_available": true, "weight": 1, "title": "Introduction", "href": null, "html_content": null, "release_date": "", "unit_id": 2, "html_review_form": null, "workflow_yaml": "grader: auto\n", "type": "U"}, {"html_check_answers": false, "now_available": true, "weight": 1, "title": "Actuation", "href": null, "html_content": null, "release_date": "", "unit_id": 9, "html_review_form": null, "workflow_yaml": "grader: auto\n", "type": "U"}, {"html_check_answers": false, "now_available": true, "weight": 1, "title": "Actuation Challenge", "href": null, "html_content": "", "release_date": "", "unit_id": 19, "html_review_form": null, "workflow_yaml": "{grader: auto, matcher: peer, review_due_date: '', review_min_count: '', review_window_mins: '',\n  submission_due_date: ''}\n", "type": "A"}, {"html_check_answers": false, "now_available": true, "weight": 1, "title": "Perception", "href": null, "html_content": null, "release_date": "", "unit_id": 20, "html_review_form": null, "workflow_yaml": "grader: auto\n", "type": "U"}, {"html_check_answers": false, "now_available": true, "weight": 1, "title": "Perception Challenge", "href": null, "html_content": "", "release_date": "", "unit_id": 25, "html_review_form": null, "workflow_yaml": "{grader: auto, matcher: peer, review_due_date: '', review_min_count: '', review_window_mins: '',\n  submission_due_date: ''}\n", "type": "A"}, {"html_check_answers": false, "now_available": true, "weight": 1, "title": "Navigation", "href": null, "html_content": null, "release_date": "", "unit_id": 26, "html_review_form": null, "workflow_yaml": "grader: auto\n", "type": "U"}, {"html_check_answers": false, "now_available": true, "weight": 1, "title": "Navigation Challenge", "href": null, "html_content": "", "release_date": "", "unit_id": 30, "html_review_form": null, "workflow_yaml": "{grader: auto, matcher: peer, review_due_date: '', review_min_count: '', review_window_mins: '',\n  submission_due_date: ''}\n", "type": "A"}, {"html_check_answers": false, "now_available": true, "weight": 1, "title": "Final Assessment", "href": null, "html_content": "", "release_date": "", "unit_id": 31, "html_review_form": null, "workflow_yaml": "{grader: auto, matcher: peer, review_due_date: '', review_min_count: '', review_window_mins: '',\n  submission_due_date: ''}\n", "type": "A"}, {"html_check_answers": false, "now_available": true, "weight": 1, "title": "Student Feedback Form", "href": null, "html_content": "", "release_date": "", "unit_id": 32, "html_review_form": null, "workflow_yaml": "{grader: auto, matcher: peer, review_due_date: '', review_min_count: '', review_window_mins: '',\n  submission_due_date: ''}\n", "type": "A"}], "lessons": [{"scored": false, "now_available": true, "title": "Overview", "has_activity": false, "objectives": "", "unit_id": 2, "activity_title": "", "video": "", "lesson_id": 3, "duration": "", "notes": "", "activity_listed": false}, {"scored": false, "now_available": true, "title": "Tools Overview", "has_activity": false, "objectives": "", "unit_id": 2, "activity_title": "", "video": "", "lesson_id": 4, "duration": "", "notes": "", "activity_listed": true}, {"scored": false, "now_available": true, "title": "Task 1-1 : Run CloudSim", "has_activity": false, "objectives": "", "unit_id": 2, "activity_title": "", "video": "", "lesson_id": 6, "duration": "", "notes": "", "activity_listed": true}, {"scored": false, "now_available": true, "title": "Task 1-2: Launch an Empty Simulation World", "has_activity": false, "objectives": "", "unit_id": 2, "activity_title": "", "video": "", "lesson_id": 7, "duration": "", "notes": "", "activity_listed": true}, {"scored": false, "now_available": true, "title": "Task 1-3: Manipulating Simulated Worlds", "has_activity": false, "objectives": "", "unit_id": 2, "activity_title": "", "video": "", "lesson_id": 8, "duration": "", "notes": "", "activity_listed": true}, {"scored": false, "now_available": true, "title": "Overview", "has_activity": false, "objectives": "", "unit_id": 9, "activity_title": "", "video": "", "lesson_id": 10, "duration": "", "notes": "", "activity_listed": true}, {"scored": false, "now_available": true, "title": "DC Motors", "has_activity": false, "objectives": "", "unit_id": 9, "activity_title": "", "video": "", "lesson_id": 11, "duration": "", "notes": "", "activity_listed": true}, {"scored": false, "now_available": true, "title": "Task 2-1: Motor Characterization", "has_activity": false, "objectives": "", "unit_id": 9, "activity_title": "", "video": "", "lesson_id": 12, "duration": "", "notes": "", "activity_listed": true}, {"scored": false, "now_available": true, "title": "Task 2-2: Motor Encoders", "has_activity": false, "objectives": "", "unit_id": 9, "activity_title": "", "video": "", "lesson_id": 13, "duration": "", "notes": "", "activity_listed": true}, {"scored": false, "now_available": true, "title": "Task 2-3: Motor Control", "has_activity": false, "objectives": "", "unit_id": 9, "activity_title": "", "video": "", "lesson_id": 14, "duration": "", "notes": "", "activity_listed": true}, {"scored": false, "now_available": true, "title": "Wheeled Mobile Robots", "has_activity": false, "objectives": "", "unit_id": 9, "activity_title": "", "video": "", "lesson_id": 15, "duration": "", "notes": "", "activity_listed": true}, {"scored": false, "now_available": true, "title": "Task 2-4: Differential Drive System", "has_activity": false, "objectives": "", "unit_id": 9, "activity_title": "", "video": "", "lesson_id": 16, "duration": "", "notes": "", "activity_listed": true}, {"scored": false, "now_available": true, "title": "Tasks 2-5: Teleoperation", "has_activity": false, "objectives": "", "unit_id": 9, "activity_title": "", "video": "", "lesson_id": 17, "duration": "", "notes": "", "activity_listed": true}, {"scored": false, "now_available": true, "title": "Task 2-6: Dead Reckoning", "has_activity": false, "objectives": "", "unit_id": 9, "activity_title": "", "video": "", "lesson_id": 18, "duration": "", "notes": "", "activity_listed": true}, {"scored": false, "now_available": true, "title": "Overview", "has_activity": false, "objectives": "", "unit_id": 20, "activity_title": "", "video": "", "lesson_id": 21, "duration": "", "notes": "", "activity_listed": true}, {"scored": false, "now_available": true, "title": "Task 3-1: Tactile Sensors", "has_activity": false, "objectives": "", "unit_id": 20, "activity_title": "", "video": "", "lesson_id": 22, "duration": "", "notes": "", "activity_listed": true}, {"scored": false, "now_available": true, "title": "Task 3-2: RGB-D Sensors", "has_activity": false, "objectives": "", "unit_id": 20, "activity_title": "", "video": "", "lesson_id": 23, "duration": "", "notes": "", "activity_listed": true}, {"scored": false, "now_available": true, "title": "Task 3-3: Inertial Measurement Units", "has_activity": false, "objectives": "", "unit_id": 20, "activity_title": "", "video": "", "lesson_id": 24, "duration": "", "notes": "", "activity_listed": true}, {"scored": false, "now_available": true, "title": "Overview", "has_activity": false, "objectives": "", "unit_id": 26, "activity_title": "", "video": "", "lesson_id": 27, "duration": "", "notes": "", "activity_listed": true}, {"scored": false, "now_available": true, "title": "Task 4-1: Obstacle Avoidance", "has_activity": false, "objectives": "", "unit_id": 26, "activity_title": "", "video": "", "lesson_id": 28, "duration": "", "notes": "", "activity_listed": true}, {"scored": false, "now_available": true, "title": "Task 4-2: Vision Based Navigation", "has_activity": false, "objectives": "", "unit_id": 26, "activity_title": "", "video": "", "lesson_id": 29, "duration": "", "notes": "", "activity_listed": true}], "next_id": 33, "version": "1.3"}